timestamp,mse,threshold,status
1774379691.9930995,0.000722,2.520791,NORMAL
1774379692.0864515,0.000722,2.520791,NORMAL
1774379692.1835241,0.000722,2.520791,NORMAL
1774379692.2528617,0.000722,2.520791,NORMAL
1774379692.3574276,0.000722,2.520791,NORMAL
1774379692.4469218,0.000722,2.520791,NORMAL
1774379692.5149875,0.000722,2.520791,NORMAL
1774379692.5943398,0.000722,2.520791,NORMAL
1774379692.663539,0.000722,2.520791,NORMAL
1774379692.7388,0.000722,2.520791,NORMAL
1774379692.8211405,0.000722,2.520791,NORMAL
1774379692.8982844,0.000722,2.520791,NORMAL
1774379692.9790962,0.000722,2.520791,NORMAL
1774379693.060827,0.000722,2.520791,NORMAL
1774379693.1687505,0.000722,2.520791,NORMAL
1774379693.2360835,0.000722,2.520791,NORMAL
1774379693.3153257,0.000722,2.520791,NORMAL
1774379693.3999314,0.000722,2.520791,NORMAL
1774379693.5254362,0.000722,2.520791,NORMAL
1774379693.6244938,0.000722,2.520791,NORMAL
1774379693.706215,0.000722,2.520791,NORMAL
1774379693.7945771,0.000722,2.520791,NORMAL
1774379693.8735244,0.000722,2.520791,NORMAL
1774379694.000515,0.000722,2.520791,NORMAL
1774379694.0982718,0.000722,2.520791,NORMAL
1774379694.1928263,0.000722,2.520791,NORMAL
1774379694.270483,0.000722,2.520791,NORMAL
1774379694.3797092,0.000722,2.520791,NORMAL
1774379694.47898,0.000722,2.520791,NORMAL
1774379694.558662,0.000722,2.520791,NORMAL
1774379694.6601248,0.000722,2.520791,NORMAL
1774379694.7548487,0.000722,2.520791,NORMAL
1774379694.8363564,0.000722,2.520791,NORMAL
1774379694.9343264,0.000722,2.520791,NORMAL
1774379695.037216,0.000722,2.520791,NORMAL
1774379695.1456285,0.000722,2.520791,NORMAL
1774379695.2323308,0.000722,2.520791,NORMAL
1774379695.3162072,0.000722,2.520791,NORMAL
1774379695.4076872,0.000722,2.520791,NORMAL
1774379695.5264857,0.000722,2.520791,NORMAL
1774379695.647449,0.000722,2.520791,NORMAL
1774379695.7807002,0.000722,2.520791,NORMAL
1774379695.936939,0.000722,2.520791,NORMAL
1774379696.0487552,0.000722,2.520791,NORMAL
1774379696.1628647,0.000722,2.520791,NORMAL
1774379696.2498858,0.000722,2.520791,NORMAL
1774379696.342881,0.000722,2.520791,NORMAL
1774379696.4242616,0.000722,2.520791,NORMAL
1774379696.5175445,0.000722,2.520791,NORMAL
1774379696.6064472,0.000722,2.520791,NORMAL
1774379696.684906,0.000722,2.520791,NORMAL
1774379696.7589357,0.000722,2.520791,NORMAL
1774379696.8372376,0.000722,2.520791,NORMAL
1774379696.9363382,0.000722,2.520791,NORMAL
1774379697.0579016,0.000722,2.520791,NORMAL
1774379697.138673,0.000722,2.520791,NORMAL
1774379697.204133,0.000722,2.520791,NORMAL
1774379697.2742362,0.000722,2.520791,NORMAL
1774379697.3542354,0.000722,2.520791,NORMAL
1774379697.427133,0.000722,2.520791,NORMAL
1774379697.4972575,0.000722,2.520791,NORMAL
1774379697.6135447,0.000722,2.520791,NORMAL
1774379697.6845706,0.000722,2.520791,NORMAL
1774379697.7546062,0.000722,2.520791,NORMAL
1774379697.82953,0.000722,2.520791,NORMAL
1774379697.9285932,0.000722,2.520791,NORMAL
1774379698.0115077,0.000722,2.520791,NORMAL
1774379698.097476,0.000722,2.520791,NORMAL
1774379698.170169,0.000722,2.520791,NORMAL
1774379698.2461112,0.000722,2.520791,NORMAL
1774379698.3281462,0.000722,2.520791,NORMAL
1774379698.4050555,0.000722,2.520791,NORMAL
1774379698.4757278,0.000722,2.520791,NORMAL
1774379698.549574,0.000722,2.520791,NORMAL
1774379698.6315677,0.000722,2.520791,NORMAL
1774379698.7076159,0.000722,2.520791,NORMAL
1774379698.8028502,0.000722,2.520791,NORMAL
1774379698.8683724,0.000722,2.520791,NORMAL
1774379698.9324422,0.000722,2.520791,NORMAL
1774379698.9962862,0.000722,2.520791,NORMAL
1774379699.077559,0.000722,2.520791,NORMAL
1774379699.1623785,0.000722,2.520791,NORMAL
1774379699.225644,0.000722,2.520791,NORMAL
1774379699.292746,0.000722,2.520791,NORMAL
1774379699.3603103,0.000722,2.520791,NORMAL
1774379699.439834,0.000722,2.520791,NORMAL
1774379699.529797,0.000722,2.520791,NORMAL
1774379699.6022806,0.000722,2.520791,NORMAL
1774379699.6869063,0.000722,2.520791,NORMAL
1774379699.7643178,0.000722,2.520791,NORMAL
1774379699.8463664,0.000722,2.520791,NORMAL
1774379699.950947,0.000722,2.520791,NORMAL
1774379700.037714,0.000722,2.520791,NORMAL
1774379700.138876,0.000722,2.520791,NORMAL
1774379700.2090776,0.000722,2.520791,NORMAL
1774379700.2845032,0.000722,2.520791,NORMAL
1774379700.3550503,0.000722,2.520791,NORMAL
1774379700.4139135,0.000722,2.520791,NORMAL
1774379700.4924412,0.000722,2.520791,NORMAL
1774379700.5629463,0.000722,2.520791,NORMAL
1774379700.638602,0.000722,2.520791,NORMAL
1774379700.7207756,0.000722,2.520791,NORMAL
1774379700.7959535,0.000722,2.520791,NORMAL
1774379700.8647046,0.000722,2.520791,NORMAL
1774379700.939783,0.000722,2.520791,NORMAL
1774379701.0344565,0.000722,2.520791,NORMAL
1774379701.1098752,0.000722,2.520791,NORMAL
1774379701.1912549,0.000722,2.520791,NORMAL
1774379701.281117,0.000722,2.520791,NORMAL
1774379701.3679152,0.000722,2.520791,NORMAL
1774379701.4481704,0.000722,2.520791,NORMAL
1774379701.5296578,0.000722,2.520791,NORMAL
1774379701.60963,0.000722,2.520791,NORMAL
1774379701.6954207,0.000722,2.520791,NORMAL
1774379701.7711172,0.000722,2.520791,NORMAL
1774379701.8514903,0.000722,2.520791,NORMAL
1774379701.917197,0.000722,2.520791,NORMAL
1774379701.9867625,0.000722,2.520791,NORMAL
1774379702.0557268,0.000722,2.520791,NORMAL
1774379702.137188,0.000722,2.520791,NORMAL
1774379702.2057743,0.000722,2.520791,NORMAL
1774379702.28932,0.000722,2.520791,NORMAL
1774379702.3812559,0.000722,2.520791,NORMAL
1774379702.46669,0.000722,2.520791,NORMAL
1774379702.5499663,0.000722,2.520791,NORMAL
1774379702.6185608,0.000722,2.520791,NORMAL
1774379702.687283,0.000722,2.520791,NORMAL
1774379702.774977,0.000722,2.520791,NORMAL
1774379702.852081,0.000722,2.520791,NORMAL
1774379702.935461,0.000722,2.520791,NORMAL
1774379703.0112007,0.000722,2.520791,NORMAL
1774379703.088899,0.000722,2.520791,NORMAL
1774379703.1558053,0.000722,2.520791,NORMAL
1774379703.2289426,0.000722,2.520791,NORMAL
1774379703.3409011,0.000722,2.520791,NORMAL
1774379703.4186893,0.000722,2.520791,NORMAL
1774379703.4985397,0.000722,2.520791,NORMAL
1774379703.5683148,0.000722,2.520791,NORMAL
1774379703.6448002,0.000722,2.520791,NORMAL
1774379703.715817,0.000722,2.520791,NORMAL
1774379703.8189926,0.000722,2.520791,NORMAL
1774379703.896201,0.000722,2.520791,NORMAL
1774379703.9919424,0.000722,2.520791,NORMAL
1774379704.0816581,0.000722,2.520791,NORMAL
1774379704.159334,0.000722,2.520791,NORMAL
1774379704.2432384,0.000722,2.520791,NORMAL
1774379704.3142083,0.000722,2.520791,NORMAL
1774379704.3895118,0.000722,2.520791,NORMAL
1774379704.4741538,0.000722,2.520791,NORMAL
1774379704.5687475,0.000722,2.520791,NORMAL
1774379704.6382468,0.000722,2.520791,NORMAL
1774379704.7162707,0.000722,2.520791,NORMAL
1774379704.784653,0.000722,2.520791,NORMAL
1774379704.8607075,0.000722,2.520791,NORMAL
1774379704.922792,0.000722,2.520791,NORMAL
1774379704.9811432,0.000722,2.520791,NORMAL
1774379705.0623457,0.000722,2.520791,NORMAL
1774379705.135846,0.000722,2.520791,NORMAL
1774379705.2141647,0.000722,2.520791,NORMAL
1774379705.2792387,0.000722,2.520791,NORMAL
1774379705.3530438,0.000722,2.520791,NORMAL
1774379705.4254763,0.000722,2.520791,NORMAL
1774379705.4928887,0.000722,2.520791,NORMAL
1774379705.5623946,0.000722,2.520791,NORMAL
1774379705.638708,0.000722,2.520791,NORMAL
1774379705.7168913,0.000722,2.520791,NORMAL
1774379705.7905269,0.000722,2.520791,NORMAL
1774379705.8736918,0.000722,2.520791,NORMAL
1774379705.9552515,0.000722,2.520791,NORMAL
1774379706.0432978,0.000722,2.520791,NORMAL
1774379706.1260757,0.000722,2.520791,NORMAL
1774379706.1968195,0.000722,2.520791,NORMAL
1774379706.2766988,0.000722,2.520791,NORMAL
1774379706.3633585,0.000722,2.520791,NORMAL
1774379706.4538085,0.000722,2.520791,NORMAL
1774379706.5452406,0.000722,2.520791,NORMAL
1774379706.6391737,0.000722,2.520791,NORMAL
1774379706.7071173,0.000722,2.520791,NORMAL
1774379706.7817314,0.000722,2.520791,NORMAL
1774379706.8553817,0.000722,2.520791,NORMAL
1774379706.9305828,0.000722,2.520791,NORMAL
1774379707.0004294,0.000722,2.520791,NORMAL
1774379707.088168,0.000722,2.520791,NORMAL
1774379707.2072968,0.000722,2.520791,NORMAL
1774379707.3279696,0.000722,2.520791,NORMAL
1774379707.4382982,0.000722,2.520791,NORMAL
1774379707.524446,0.000722,2.520791,NORMAL
1774379707.6259606,0.000722,2.520791,NORMAL
1774379707.7237437,0.000722,2.520791,NORMAL
1774379707.8098793,0.000722,2.520791,NORMAL
1774379707.886601,0.000722,2.520791,NORMAL
1774379707.9564068,0.000722,2.520791,NORMAL
1774379708.0402262,1250.684282,2.520791,ANOMALIE
1774379708.1491563,1278.116522,2.520791,ANOMALIE
1774379708.2791898,2499.541957,2.520791,ANOMALIE
1774379708.3917866,2377.82263,2.520791,ANOMALIE
1774379708.506761,3742.04611,2.520791,ANOMALIE
1774379708.6212943,3582.726981,2.520791,ANOMALIE
1774379708.7208729,3842.132293,2.520791,ANOMALIE
1774379708.8372543,3711.3938,2.520791,ANOMALIE
1774379708.928636,4005.320271,2.520791,ANOMALIE
1774379709.0459273,4949.412145,2.520791,ANOMALIE
1774379709.1625364,5119.845584,2.520791,ANOMALIE
1774379709.2795594,6337.012302,2.520791,ANOMALIE
1774379709.3695693,6211.221432,2.520791,ANOMALIE
1774379709.4831963,7767.347192,2.520791,ANOMALIE
1774379709.5775578,5143.398803,2.520791,ANOMALIE
1774379709.7096434,4980.97713,2.520791,ANOMALIE
1774379709.817853,5634.019046,2.520791,ANOMALIE
1774379709.9196815,6047.421617,2.520791,ANOMALIE
1774379710.0155447,6166.386858,2.520791,ANOMALIE
1774379710.0975437,6144.182716,2.520791,ANOMALIE
1774379710.2072225,5134.384175,2.520791,ANOMALIE
1774379710.299749,4982.241748,2.520791,ANOMALIE
1774379710.406727,3582.727759,2.520791,ANOMALIE
1774379710.5094755,4961.931565,2.520791,ANOMALIE
1774379710.5920079,5147.302346,2.520791,ANOMALIE
1774379710.6977608,6228.426244,2.520791,ANOMALIE
1774379710.7709703,6477.489963,2.520791,ANOMALIE
1774379710.846674,6228.426554,2.520791,ANOMALIE
1774379710.9353797,6477.488843,2.520791,ANOMALIE
1774379711.0153682,6228.42581,2.520791,ANOMALIE
1774379711.1012297,6477.488464,2.520791,ANOMALIE
1774379711.1824777,6228.425274,2.520791,ANOMALIE
1774379711.2556207,6477.489989,2.520791,ANOMALIE
1774379711.3537412,6228.425584,2.520791,ANOMALIE
1774379711.457,6477.490695,2.520791,ANOMALIE
1774379711.5699768,6228.42663,2.520791,ANOMALIE
1774379711.6608427,7496.492302,2.520791,ANOMALIE
1774379711.7535727,7507.628375,2.520791,ANOMALIE
1774379711.8407888,8761.867852,2.520791,ANOMALIE
1774379711.9276683,9696.891681,2.520791,ANOMALIE
1774379712.031249,7621.78392,2.520791,ANOMALIE
1774379712.1227903,6314.110795,2.520791,ANOMALIE
1774379712.2056723,7521.615026,2.520791,ANOMALIE
1774379712.3234868,6029.346766,2.520791,ANOMALIE
1774379712.4030693,7806.018413,2.520791,ANOMALIE
1774379712.5127885,6845.927139,2.520791,ANOMALIE
1774379712.6136959,5608.280562,2.520791,ANOMALIE
1774379712.7155595,3948.012958,2.520791,ANOMALIE
1774379712.8116424,2397.838047,2.520791,ANOMALIE
1774379712.8910258,2565.694067,2.520791,ANOMALIE
1774379712.9839993,2704.477478,2.520791,ANOMALIE
1774379713.0763626,3682.378394,2.520791,ANOMALIE
1774379713.190239,5262.014817,2.520791,ANOMALIE
1774379713.2652662,6759.521202,2.520791,ANOMALIE
1774379713.3356779,6873.45375,2.520791,ANOMALIE
1774379713.4452305,5100.823228,2.520791,ANOMALIE
1774379713.5709283,3838.796456,2.520791,ANOMALIE
1774379713.670433,4139.420393,2.520791,ANOMALIE
1774379713.753768,4153.22554,2.520791,ANOMALIE
1774379713.835907,4807.392636,2.520791,ANOMALIE
1774379713.9115136,4844.809689,2.520791,ANOMALIE
1774379714.030851,3357.927538,2.520791,ANOMALIE
1774379714.1214204,1200.945712,2.520791,ANOMALIE
1774379714.200146,0.000722,2.520791,NORMAL
1774379714.2810302,1250.684287,2.520791,ANOMALIE
1774379714.3503315,2500.949291,2.520791,ANOMALIE
1774379714.418631,3751.308656,2.520791,ANOMALIE
1774379714.5085564,3723.290864,2.520791,ANOMALIE
1774379714.5896263,4037.982826,2.520791,ANOMALIE
1774379714.6687448,4967.234179,2.520791,ANOMALIE
1774379714.7648265,6265.712793,2.520791,ANOMALIE
1774379714.857619,7520.724366,2.520791,ANOMALIE
1774379714.970898,8775.219283,2.520791,ANOMALIE
1774379715.048627,10029.003912,2.520791,ANOMALIE
1774379715.1483371,12069.688952,2.520791,ANOMALIE
1774379715.2254543,7635.427175,2.520791,ANOMALIE
1774379715.297582,6101.43387,2.520791,ANOMALIE
1774379715.3776417,7378.73331,2.520791,ANOMALIE
1774379715.4712243,8999.944891,2.520791,ANOMALIE
1774379715.5612965,8960.593276,2.520791,ANOMALIE
1774379715.6520095,8833.560413,2.520791,ANOMALIE
1774379715.7313833,8740.435141,2.520791,ANOMALIE
1774379715.85223,9472.323293,2.520791,ANOMALIE
1774379715.9538386,7451.57073,2.520791,ANOMALIE
1774379716.0669322,8764.431421,2.520791,ANOMALIE
1774379716.1477628,10020.803867,2.520791,ANOMALIE
1774379716.2239976,14356.322777,2.520791,ANOMALIE
1774379716.3360722,8909.506786,2.520791,ANOMALIE
1774379716.435614,7499.974469,2.520791,ANOMALIE
1774379716.5366588,8264.391835,2.520791,ANOMALIE
1774379716.6126955,6014.809314,2.520791,ANOMALIE
1774379716.7062454,6561.754089,2.520791,ANOMALIE
1774379716.8317733,8147.990871,2.520791,ANOMALIE
1774379716.913567,7902.51527,2.520791,ANOMALIE
1774379717.0340552,7466.588539,2.520791,ANOMALIE
1774379717.1125774,7186.585567,2.520791,ANOMALIE
1774379717.221673,6279.574059,2.520791,ANOMALIE
1774379717.2941175,6101.435324,2.520791,ANOMALIE
1774379717.3749747,7378.732288,2.520791,ANOMALIE
1774379717.4600945,8999.944777,2.520791,ANOMALIE
1774379717.5537403,8960.593344,2.520791,ANOMALIE
1774379717.66279,8833.560281,2.520791,ANOMALIE
1774379717.7447834,8740.43491,2.520791,ANOMALIE
1774379717.8495295,8752.591025,2.520791,ANOMALIE
1774379717.9396179,9507.077421,2.520791,ANOMALIE
1774379718.038206,7597.932953,2.520791,ANOMALIE
1774379718.1429095,7394.845186,2.520791,ANOMALIE
1774379718.2124817,8630.535568,2.520791,ANOMALIE
1774379718.2939274,7758.581645,2.520791,ANOMALIE
1774379718.362886,7188.003446,2.520791,ANOMALIE
1774379718.4452324,7583.294402,2.520791,ANOMALIE
1774379718.520356,7595.13488,2.520791,ANOMALIE
1774379718.5861332,7466.006688,2.520791,ANOMALIE
1774379718.6755443,7736.528244,2.520791,ANOMALIE
1774379718.7800667,7453.2794,2.520791,ANOMALIE
1774379718.8712275,8067.743591,2.520791,ANOMALIE
1774379718.949501,7491.31316,2.520791,ANOMALIE
1774379719.0215993,7396.951358,2.520791,ANOMALIE
1774379719.14448,7927.444454,2.520791,ANOMALIE
1774379719.2473125,6318.925452,2.520791,ANOMALIE
1774379719.3520021,5039.702511,2.520791,ANOMALIE
1774379719.4862864,3794.043771,2.520791,ANOMALIE
1774379719.5838346,2461.955936,2.520791,ANOMALIE
1774379719.6575503,2550.956469,2.520791,ANOMALIE
1774379719.741753,1239.105062,2.520791,ANOMALIE
1774379719.8272932,1237.009319,2.520791,ANOMALIE
1774379719.8943765,2358.741692,2.520791,ANOMALIE
1774379719.9699285,1278.116462,2.520791,ANOMALIE
1774379720.066727,2499.541982,2.520791,ANOMALIE
1774379720.1613657,3751.328666,2.520791,ANOMALIE
1774379720.256628,4793.541582,2.520791,ANOMALIE
1774379720.368624,3969.014262,2.520791,ANOMALIE
1774379720.4845903,3822.190598,2.520791,ANOMALIE
1774379720.584496,4099.688228,2.520791,ANOMALIE
1774379720.6776268,4900.006848,2.520791,ANOMALIE
1774379720.7637777,6511.313167,2.520791,ANOMALIE
1774379720.8391926,6759.520364,2.520791,ANOMALIE
1774379720.9377804,6873.453185,2.520791,ANOMALIE
1774379721.0116184,5100.826364,2.520791,ANOMALIE
1774379721.0802774,3838.798128,2.520791,ANOMALIE
1774379721.157959,4930.478485,2.520791,ANOMALIE
1774379721.227404,6444.88006,2.520791,ANOMALIE
1774379721.2922182,7662.261227,2.520791,ANOMALIE
1774379721.3583708,8415.423628,2.520791,ANOMALIE
1774379721.4225402,7485.566572,2.520791,ANOMALIE
1774379721.4820933,7502.570845,2.520791,ANOMALIE
1774379721.5590658,7885.01199,2.520791,ANOMALIE
1774379721.6446998,7444.077912,2.520791,ANOMALIE
1774379721.7305706,8765.565125,2.520791,ANOMALIE
1774379721.8071914,12096.191159,2.520791,ANOMALIE
1774379721.8941197,8703.116113,2.520791,ANOMALIE
1774379721.9928458,7737.882861,2.520791,ANOMALIE
1774379722.071064,6459.166075,2.520791,ANOMALIE
1774379722.1703506,7434.975966,2.520791,ANOMALIE
1774379722.2458808,7519.078187,2.520791,ANOMALIE
1774379722.3694375,7520.280362,2.520791,ANOMALIE
1774379722.4547675,8774.551975,2.520791,ANOMALIE
1774379722.5498693,8774.813185,2.520791,ANOMALIE
1774379722.6688268,8774.367822,2.520791,ANOMALIE
1774379722.7606463,10028.937072,2.520791,ANOMALIE
1774379722.854616,14725.665923,2.520791,ANOMALIE
1774379722.9473608,9944.354197,2.520791,ANOMALIE
1774379723.039672,10929.534334,2.520791,ANOMALIE
1774379723.1150794,8546.265129,2.520791,ANOMALIE
1774379723.2037141,8570.823194,2.520791,ANOMALIE
1774379723.2726645,8771.268707,2.520791,ANOMALIE
1774379723.3434596,9541.360327,2.520791,ANOMALIE
1774379723.4168088,7486.082735,2.520791,ANOMALIE
1774379723.4947462,7516.717071,2.520791,ANOMALIE
1774379723.5711093,8056.709055,2.520791,ANOMALIE
1774379723.6632788,7459.005336,2.520791,ANOMALIE
1774379723.7553344,6273.582591,2.520791,ANOMALIE
1774379723.8914711,7414.644629,2.520791,ANOMALIE
1774379723.995141,8753.371543,2.520791,ANOMALIE
1774379724.287346,9374.819964,2.520791,ANOMALIE
1774379724.406397,6442.400333,2.520791,ANOMALIE
1774379724.5089726,6448.010944,2.520791,ANOMALIE
1774379724.5995955,6170.376242,2.520791,ANOMALIE
1774379724.7159,5098.793118,2.520791,ANOMALIE
1774379724.8122253,5001.474989,2.520791,ANOMALIE
1774379724.905855,3834.344316,2.520791,ANOMALIE
1774379724.9786713,3587.128204,2.520791,ANOMALIE
1774379725.055397,2368.336528,2.520791,ANOMALIE
1774379725.1470122,2460.688805,2.520791,ANOMALIE
1774379725.2427123,2579.815588,2.520791,ANOMALIE
1774379725.3480852,2604.121757,2.520791,ANOMALIE
1774379725.4429598,2457.964877,2.520791,ANOMALIE
1774379725.5277455,1280.873741,2.520791,ANOMALIE
1774379725.7088163,1281.496452,2.520791,ANOMALIE
1774379725.8008676,2460.688975,2.520791,ANOMALIE
1774379725.902031,2579.817431,2.520791,ANOMALIE
1774379725.9744294,3661.987903,2.520791,ANOMALIE
1774379726.094783,5080.978458,2.520791,ANOMALIE
1774379726.170825,5002.589,2.520791,ANOMALIE
1774379726.233922,6254.91202,2.520791,ANOMALIE
1774379726.3542962,7508.437138,2.520791,ANOMALIE
1774379726.4389846,10155.391595,2.520791,ANOMALIE
1774379726.5552142,7688.113219,2.520791,ANOMALIE
1774379726.6295311,8706.235524,2.520791,ANOMALIE
1774379726.706194,8775.170222,2.520791,ANOMALIE
1774379726.8038304,10027.461583,2.520791,ANOMALIE
1774379726.8964875,11968.945888,2.520791,ANOMALIE
1774379726.9929118,7663.755466,2.520791,ANOMALIE
1774379727.1104283,7469.342564,2.520791,ANOMALIE
1774379727.2086937,7522.185004,2.520791,ANOMALIE
1774379727.279887,8221.226029,2.520791,ANOMALIE
1774379727.3840594,7456.53399,2.520791,ANOMALIE
1774379727.4853127,7969.189333,2.520791,ANOMALIE
1774379727.586483,7462.714889,2.520791,ANOMALIE
1774379727.6700923,6358.892977,2.520791,ANOMALIE
1774379727.764452,6190.13232,2.520791,ANOMALIE
1774379727.8802242,6335.732122,2.520791,ANOMALIE
1774379727.9838333,7402.432422,2.520791,ANOMALIE
1774379728.1008887,6477.490831,2.520791,ANOMALIE
1774379728.2081797,5075.323717,2.520791,ANOMALIE
1774379728.291979,4905.287172,2.520791,ANOMALIE
1774379728.3698971,4005.319625,2.520791,ANOMALIE
1774379728.4379618,4201.487266,2.520791,ANOMALIE
1774379728.5243845,2905.662847,2.520791,ANOMALIE
1774379728.614547,2788.177538,2.520791,ANOMALIE
1774379728.718039,1237.009256,2.520791,ANOMALIE
1774379728.7977624,1200.945377,2.520791,ANOMALIE
1774379728.862206,0.000722,2.520791,NORMAL
1774379728.9233468,0.000722,2.520791,NORMAL
1774379728.9928486,0.000722,2.520791,NORMAL
1774379729.0857015,0.000722,2.520791,NORMAL
1774379729.156822,0.000722,2.520791,NORMAL
1774379729.2341383,0.000722,2.520791,NORMAL
1774379729.3152158,0.000722,2.520791,NORMAL
1774379729.399039,0.000722,2.520791,NORMAL
1774379729.4636164,0.000722,2.520791,NORMAL
1774379729.5515594,0.000722,2.520791,NORMAL
1774379729.615993,0.000722,2.520791,NORMAL
1774379729.695863,0.000722,2.520791,NORMAL
1774379729.765353,0.000722,2.520791,NORMAL
1774379729.849699,0.000722,2.520791,NORMAL
1774379729.9340484,0.000722,2.520791,NORMAL
1774379730.0224173,0.000722,2.520791,NORMAL
1774379730.1216266,0.000722,2.520791,NORMAL
1774379730.1969206,0.000722,2.520791,NORMAL
1774379730.2740092,0.000722,2.520791,NORMAL
1774379730.3447568,0.000722,2.520791,NORMAL
1774379730.4186423,0.000722,2.520791,NORMAL
1774379730.4931605,0.000722,2.520791,NORMAL
1774379730.577525,0.000722,2.520791,NORMAL
1774379730.6516116,0.000722,2.520791,NORMAL
1774379730.7342613,0.000722,2.520791,NORMAL
1774379730.7988205,0.000722,2.520791,NORMAL
1774379730.8585165,0.000722,2.520791,NORMAL
1774379730.9189382,0.000722,2.520791,NORMAL
1774379730.9897208,0.000722,2.520791,NORMAL
1774379731.0677917,0.000722,2.520791,NORMAL
1774379731.1526475,0.000722,2.520791,NORMAL
1774379731.223038,0.000722,2.520791,NORMAL
1774379731.3023489,0.000722,2.520791,NORMAL
1774379731.4031832,0.000722,2.520791,NORMAL
1774379731.518464,0.000722,2.520791,NORMAL
1774379731.6167226,0.000722,2.520791,NORMAL
1774379731.7014046,0.000722,2.520791,NORMAL
1774379731.7758982,0.000722,2.520791,NORMAL
1774379731.8426135,0.000722,2.520791,NORMAL
1774379731.9114017,0.000722,2.520791,NORMAL
1774379731.9846992,0.000722,2.520791,NORMAL
1774379732.0589416,0.000722,2.520791,NORMAL
1774379732.163541,0.000722,2.520791,NORMAL
1774379732.2336042,0.000722,2.520791,NORMAL
1774379732.3128204,0.000722,2.520791,NORMAL
1774379732.3932009,0.000722,2.520791,NORMAL
1774379732.4673662,0.000722,2.520791,NORMAL
1774379732.5284426,0.000722,2.520791,NORMAL
1774379732.5964255,0.000722,2.520791,NORMAL
1774379732.674531,0.000722,2.520791,NORMAL
1774379732.7659721,0.000722,2.520791,NORMAL
1774379732.8493903,0.000722,2.520791,NORMAL
1774379732.9375093,0.000722,2.520791,NORMAL
1774379733.0295908,0.000722,2.520791,NORMAL
1774379733.1047027,0.000722,2.520791,NORMAL
1774379733.1896453,0.000722,2.520791,NORMAL
1774379733.265235,0.000722,2.520791,NORMAL
1774379733.3596237,0.000722,2.520791,NORMAL
1774379733.4576528,0.000722,2.520791,NORMAL
1774379733.5375125,0.000722,2.520791,NORMAL
1774379733.6323073,0.000722,2.520791,NORMAL
1774379733.7279584,0.000722,2.520791,NORMAL
1774379733.832027,0.000722,2.520791,NORMAL
1774379733.908072,0.000722,2.520791,NORMAL
1774379733.9958415,0.000722,2.520791,NORMAL
1774379734.0645697,0.000722,2.520791,NORMAL
1774379734.153562,0.000722,2.520791,NORMAL
1774379734.23578,0.000722,2.520791,NORMAL
1774379734.304773,0.000722,2.520791,NORMAL
1774379734.409365,0.000722,2.520791,NORMAL
1774379734.4741604,0.000722,2.520791,NORMAL
1774379734.5435507,0.000722,2.520791,NORMAL
1774379734.6008327,0.000722,2.520791,NORMAL
1774379734.665648,0.000722,2.520791,NORMAL
1774379734.7321904,0.000722,2.520791,NORMAL
1774379734.8220255,0.000722,2.520791,NORMAL
1774379734.8895276,0.000722,2.520791,NORMAL
1774379734.961241,0.000722,2.520791,NORMAL
1774379735.0381365,0.000722,2.520791,NORMAL
1774379735.1476426,0.000722,2.520791,NORMAL
1774379735.2370884,0.000722,2.520791,NORMAL
1774379735.3241234,0.000722,2.520791,NORMAL
1774379735.4092753,0.000722,2.520791,NORMAL
1774379735.4741433,0.000722,2.520791,NORMAL
1774379735.537149,0.000722,2.520791,NORMAL
1774379735.598315,0.000722,2.520791,NORMAL
1774379735.6594853,0.000722,2.520791,NORMAL
1774379735.7394583,0.000722,2.520791,NORMAL
1774379735.8286355,0.000722,2.520791,NORMAL
1774379735.8995311,0.000722,2.520791,NORMAL
1774379735.9682734,0.000722,2.520791,NORMAL
1774379736.035351,0.000722,2.520791,NORMAL
1774379736.0990474,0.000722,2.520791,NORMAL
1774379736.1751266,0.000722,2.520791,NORMAL
1774379736.2448614,0.000722,2.520791,NORMAL
1774379736.3338184,0.000722,2.520791,NORMAL
1774379736.4223256,0.000722,2.520791,NORMAL
1774379736.4933069,0.000722,2.520791,NORMAL
1774379736.571771,0.000722,2.520791,NORMAL
1774379736.6321929,0.000722,2.520791,NORMAL
1774379736.6895056,0.000722,2.520791,NORMAL
1774379736.768473,0.000722,2.520791,NORMAL
1774379736.8409965,0.000722,2.520791,NORMAL
1774379736.904631,0.000722,2.520791,NORMAL
1774379736.9641774,0.000722,2.520791,NORMAL
1774379737.0369554,0.000722,2.520791,NORMAL
1774379737.1073802,0.000722,2.520791,NORMAL
1774379737.184368,0.000722,2.520791,NORMAL
1774379737.2619238,0.000722,2.520791,NORMAL
1774379737.3419912,0.000722,2.520791,NORMAL
1774379737.418281,0.000722,2.520791,NORMAL
1774379737.4826515,0.000722,2.520791,NORMAL
1774379737.5573337,0.000722,2.520791,NORMAL
1774379737.6242301,0.000722,2.520791,NORMAL
1774379737.7216902,0.000722,2.520791,NORMAL
1774379737.7838292,0.000722,2.520791,NORMAL
1774379737.8647375,0.000722,2.520791,NORMAL
1774379737.9413676,0.000722,2.520791,NORMAL
1774379738.0236716,0.000722,2.520791,NORMAL
1774379738.1206365,0.000722,2.520791,NORMAL
1774379738.2109554,0.000722,2.520791,NORMAL
1774379738.302064,0.000722,2.520791,NORMAL
1774379738.4128032,0.000722,2.520791,NORMAL
1774379738.491619,0.000722,2.520791,NORMAL
1774379738.5950427,0.000722,2.520791,NORMAL
1774379738.7045388,0.000722,2.520791,NORMAL
1774379738.7724092,0.000722,2.520791,NORMAL
1774379738.831293,0.000722,2.520791,NORMAL
1774379738.8925116,0.000722,2.520791,NORMAL
1774379738.961335,0.000722,2.520791,NORMAL
1774379739.0250764,0.000722,2.520791,NORMAL
1774379739.088977,0.000722,2.520791,NORMAL
1774379739.1524036,0.000722,2.520791,NORMAL
1774379739.2161539,0.000722,2.520791,NORMAL
1774379739.2782927,0.000722,2.520791,NORMAL
1774379739.338692,0.000722,2.520791,NORMAL
1774379739.4052708,0.000722,2.520791,NORMAL
1774379739.4652278,0.000722,2.520791,NORMAL
1774379739.518241,0.000722,2.520791,NORMAL
1774379739.573598,0.000722,2.520791,NORMAL
1774379739.6400552,0.000722,2.520791,NORMAL
1774379739.7146509,0.000722,2.520791,NORMAL
1774379739.7739668,0.000722,2.520791,NORMAL
1774379739.827029,0.000722,2.520791,NORMAL
1774379739.8825572,0.000722,2.520791,NORMAL
1774379739.944075,0.000722,2.520791,NORMAL
1774379740.009601,0.000722,2.520791,NORMAL
1774379740.0771072,0.000722,2.520791,NORMAL
1774379740.154997,0.000722,2.520791,NORMAL
1774379740.2482476,0.000722,2.520791,NORMAL
1774379740.3361325,0.000722,2.520791,NORMAL
1774379740.4056802,0.000722,2.520791,NORMAL
1774379740.5008225,0.000722,2.520791,NORMAL
1774379740.5688803,0.000722,2.520791,NORMAL
1774379740.6422038,0.000722,2.520791,NORMAL
1774379740.7422144,0.000722,2.520791,NORMAL
1774379740.8096013,0.000722,2.520791,NORMAL
1774379740.8819437,0.000722,2.520791,NORMAL
1774379740.9481287,0.000722,2.520791,NORMAL
1774379741.0287502,0.000722,2.520791,NORMAL
1774379741.0978007,0.000722,2.520791,NORMAL
1774379741.174633,0.000722,2.520791,NORMAL
1774379741.264766,0.000722,2.520791,NORMAL
1774379741.3369195,0.000722,2.520791,NORMAL
1774379741.4110074,0.000722,2.520791,NORMAL
1774379741.5070682,0.000722,2.520791,NORMAL
1774379741.568293,0.000722,2.520791,NORMAL
1774379741.6450589,0.000722,2.520791,NORMAL
1774379741.7233953,0.000722,2.520791,NORMAL
1774379741.787195,0.000722,2.520791,NORMAL
1774379741.860088,0.000722,2.520791,NORMAL
1774379741.9304101,0.000722,2.520791,NORMAL
1774379742.0014272,0.000722,2.520791,NORMAL
1774379742.0815623,0.000722,2.520791,NORMAL
1774379742.1667035,0.000722,2.520791,NORMAL
1774379742.23761,0.000722,2.520791,NORMAL
1774379742.312422,0.000722,2.520791,NORMAL
1774379742.3895957,0.000722,2.520791,NORMAL
1774379742.4605258,0.000722,2.520791,NORMAL
1774379742.5465605,0.000722,2.520791,NORMAL
1774379742.6254218,0.000722,2.520791,NORMAL
1774379742.707012,0.000722,2.520791,NORMAL
1774379742.7732725,0.000722,2.520791,NORMAL
1774379742.8451538,0.000722,2.520791,NORMAL
1774379742.90946,0.000722,2.520791,NORMAL
1774379742.968814,0.000722,2.520791,NORMAL
1774379743.036196,0.000722,2.520791,NORMAL
1774379743.1131837,0.000722,2.520791,NORMAL
1774379743.1835291,0.000722,2.520791,NORMAL
1774379743.254637,0.000722,2.520791,NORMAL
1774379743.329882,0.000722,2.520791,NORMAL
1774379743.422868,0.000722,2.520791,NORMAL
1774379743.4937053,0.000722,2.520791,NORMAL
1774379743.559451,0.000722,2.520791,NORMAL
1774379743.625716,0.000722,2.520791,NORMAL
1774379743.7101388,0.000722,2.520791,NORMAL
1774379743.7807624,0.000722,2.520791,NORMAL
1774379743.857396,0.000722,2.520791,NORMAL
1774379743.9224145,0.000722,2.520791,NORMAL
1774379743.9848974,0.000722,2.520791,NORMAL
1774379744.0445144,0.000722,2.520791,NORMAL
1774379744.1122591,0.000722,2.520791,NORMAL
1774379744.1942973,0.000722,2.520791,NORMAL
1774379744.2617733,0.000722,2.520791,NORMAL
1774379744.3618815,0.000722,2.520791,NORMAL
1774379744.480459,0.000722,2.520791,NORMAL
1774379744.572608,0.000722,2.520791,NORMAL
1774379744.645299,0.000722,2.520791,NORMAL
1774379744.7278543,0.000722,2.520791,NORMAL
1774379744.7932367,0.000722,2.520791,NORMAL
1774379744.8698773,0.000722,2.520791,NORMAL
1774379744.957201,0.000722,2.520791,NORMAL
1774379745.097002,0.000722,2.520791,NORMAL
1774379745.2076004,0.000722,2.520791,NORMAL
1774379745.318539,0.000722,2.520791,NORMAL
1774379745.4419887,0.000722,2.520791,NORMAL
1774379745.5128334,0.001486,2.520791,NORMAL
1774379745.6215537,0.001523,2.520791,NORMAL
1774379745.7197003,0.00174,2.520791,NORMAL
1774379745.7918987,0.003423,2.520791,NORMAL
1774379745.899203,0.005385,2.520791,NORMAL
1774379745.9738379,0.006855,2.520791,NORMAL
1774379746.0934155,0.007491,2.520791,NORMAL
1774379746.209141,0.008613,2.520791,NORMAL
1774379746.2978137,0.009939,2.520791,NORMAL
1774379746.4179003,0.011529,2.520791,NORMAL
1774379746.5502136,0.010995,2.520791,NORMAL
1774379746.6598208,0.010356,2.520791,NORMAL
1774379746.7484589,0.008291,2.520791,NORMAL
1774379746.8155694,0.006991,2.520791,NORMAL
1774379746.8817542,0.006951,2.520791,NORMAL
1774379746.9520533,0.005669,2.520791,NORMAL
1774379747.0797024,0.005906,2.520791,NORMAL
1774379747.230486,0.005624,2.520791,NORMAL
1774379747.3016691,0.005736,2.520791,NORMAL
1774379747.393003,0.004979,2.520791,NORMAL
1774379747.478281,0.005374,2.520791,NORMAL
1774379747.586773,0.005331,2.520791,NORMAL
1774379747.6897764,0.006072,2.520791,NORMAL
1774379747.7631311,0.005736,2.520791,NORMAL
1774379747.843121,0.005098,2.520791,NORMAL
1774379747.9524887,0.004635,2.520791,NORMAL
1774379748.0508382,0.005461,2.520791,NORMAL
1774379748.1872754,0.006589,2.520791,NORMAL
1774379748.262704,0.023887,2.520791,NORMAL
1774379748.3407178,0.022383,2.520791,NORMAL
1774379748.4408212,0.021757,2.520791,NORMAL
1774379748.5242753,0.033072,2.520791,NORMAL
1774379748.643129,0.035831,2.520791,NORMAL
1774379748.7281268,0.032001,2.520791,NORMAL
1774379748.8502152,0.032891,2.520791,NORMAL
1774379748.9341023,0.045979,2.520791,NORMAL
1774379749.0150833,0.05212,2.520791,NORMAL
1774379749.1126385,0.037216,2.520791,NORMAL
1774379749.1792023,0.0279,2.520791,NORMAL
1774379749.2445276,0.023534,2.520791,NORMAL
1774379749.3399732,0.033262,2.520791,NORMAL
1774379749.4033003,0.039456,2.520791,NORMAL
1774379749.4903955,0.031291,2.520791,NORMAL
1774379749.5697567,0.027931,2.520791,NORMAL
1774379749.6644025,0.032021,2.520791,NORMAL
1774379749.7450414,0.06138,2.520791,NORMAL
1774379749.8249469,0.03679,2.520791,NORMAL
1774379749.8951514,0.039417,2.520791,NORMAL
1774379749.970201,0.0441,2.520791,NORMAL
1774379750.0573258,0.069984,2.520791,NORMAL
1774379750.1420968,0.066406,2.520791,NORMAL
1774379750.2350483,0.070403,2.520791,NORMAL
1774379750.3116498,0.080883,2.520791,NORMAL
1774379750.403426,0.094903,2.520791,NORMAL
1774379750.4770803,0.09592,2.520791,NORMAL
1774379750.550569,0.090797,2.520791,NORMAL
1774379750.6178708,0.052942,2.520791,NORMAL
1774379750.7088509,0.033822,2.520791,NORMAL
1774379750.798658,0.035621,2.520791,NORMAL
1774379750.8845978,0.00669,2.520791,NORMAL
1774379750.9628596,0.003993,2.520791,NORMAL
1774379751.0349956,0.003665,2.520791,NORMAL
1774379751.102267,0.003948,2.520791,NORMAL
1774379751.1881607,0.004126,2.520791,NORMAL
1774379751.2693052,0.004372,2.520791,NORMAL
1774379751.3417208,0.004358,2.520791,NORMAL
1774379751.4184604,0.004187,2.520791,NORMAL
1774379751.5071468,0.003893,2.520791,NORMAL
1774379751.6192784,0.003756,2.520791,NORMAL
1774379751.726454,0.003872,2.520791,NORMAL
1774379751.812709,0.006979,2.520791,NORMAL
1774379751.895913,0.007888,2.520791,NORMAL
1774379751.9676297,0.00952,2.520791,NORMAL
1774379752.050812,0.024996,2.520791,NORMAL
1774379752.1472723,0.028757,2.520791,NORMAL
1774379752.2398875,0.030318,2.520791,NORMAL
1774379752.3295388,0.030763,2.520791,NORMAL
1774379752.4279623,0.029637,2.520791,NORMAL
1774379752.566242,0.02807,2.520791,NORMAL
1774379752.6724586,0.025861,2.520791,NORMAL
1774379752.761701,0.021716,2.520791,NORMAL
1774379752.8360493,0.014534,2.520791,NORMAL
1774379752.9287155,0.012238,2.520791,NORMAL
1774379753.008327,0.002974,2.520791,NORMAL
1774379753.1043599,0.002376,2.520791,NORMAL
1774379753.1848626,0.002673,2.520791,NORMAL
1774379753.278634,0.002693,2.520791,NORMAL
1774379753.3580241,0.002691,2.520791,NORMAL
1774379753.4354923,0.003085,2.520791,NORMAL
1774379753.5194986,0.003179,2.520791,NORMAL
1774379753.5988712,0.003116,2.520791,NORMAL
1774379753.675407,0.003903,2.520791,NORMAL
1774379753.7522018,0.004813,2.520791,NORMAL
1774379753.8379664,0.005187,2.520791,NORMAL
1774379753.9289901,0.005012,2.520791,NORMAL
1774379753.9970164,0.004923,2.520791,NORMAL
1774379754.086727,0.005346,2.520791,NORMAL
1774379754.1759598,0.006272,2.520791,NORMAL
1774379754.2527697,0.006876,2.520791,NORMAL
1774379754.3156931,0.006603,2.520791,NORMAL
1774379754.381327,0.006131,2.520791,NORMAL
1774379754.4698265,0.005575,2.520791,NORMAL
1774379754.5609024,0.005156,2.520791,NORMAL
1774379754.636007,0.004945,2.520791,NORMAL
1774379754.7122366,0.004177,2.520791,NORMAL
1774379754.7911546,0.003488,2.520791,NORMAL
1774379754.8543599,0.003751,2.520791,NORMAL
1774379754.947068,0.004115,2.520791,NORMAL
1774379755.0145242,0.005067,2.520791,NORMAL
1774379755.0726545,0.005953,2.520791,NORMAL
1774379755.1509676,0.006708,2.520791,NORMAL
1774379755.2410104,0.006123,2.520791,NORMAL
1774379755.3163953,0.004762,2.520791,NORMAL
1774379755.3941128,0.004011,2.520791,NORMAL
1774379755.4721234,0.003066,2.520791,NORMAL
1774379755.5405066,0.002468,2.520791,NORMAL
1774379755.6183467,0.002914,2.520791,NORMAL
1774379755.705692,0.004231,2.520791,NORMAL
1774379755.784797,0.004836,2.520791,NORMAL
1774379755.8503933,0.004936,2.520791,NORMAL
1774379755.943239,0.005815,2.520791,NORMAL
1774379756.0207977,0.008187,2.520791,NORMAL
1774379756.0866456,0.010933,2.520791,NORMAL
1774379756.1533043,0.011331,2.520791,NORMAL
1774379756.2083142,0.011038,2.520791,NORMAL
1774379756.2659938,0.013131,2.520791,NORMAL
1774379756.3503861,0.018076,2.520791,NORMAL
1774379756.439931,0.021412,2.520791,NORMAL
1774379756.5104628,0.019003,2.520791,NORMAL
1774379756.5806506,0.012538,2.520791,NORMAL
1774379756.64874,0.011419,2.520791,NORMAL
1774379756.7024443,0.012028,2.520791,NORMAL
1774379756.7739897,0.012939,2.520791,NORMAL
1774379756.8527296,0.013459,2.520791,NORMAL
1774379756.9202769,0.013605,2.520791,NORMAL
1774379756.9998708,0.012626,2.520791,NORMAL
1774379757.0641675,0.010598,2.520791,NORMAL
1774379757.1262274,0.007356,2.520791,NORMAL
1774379757.1858218,0.006078,2.520791,NORMAL
1774379757.251003,0.006885,2.520791,NORMAL
1774379757.3189795,0.007308,2.520791,NORMAL
1774379757.4029171,0.006348,2.520791,NORMAL
1774379757.4743054,0.007612,2.520791,NORMAL
1774379757.5446796,0.012605,2.520791,NORMAL
